iter	Logloss
0	0.6348847101
1	0.5920184316
2	0.5499269299
3	0.513897181
4	0.4855392223
5	0.4612605895
6	0.4363154936
7	0.417237539
8	0.4008029055
9	0.3844939804
10	0.3689268367
11	0.3598502584
12	0.3467531204
13	0.3368296379
